name,values
01.May.26,['117']
04.May.26,['117']
05.May.26,['118']
06.May.26,['118']
07.May.26,['119']
08.May.26,['120']
11.May.26,['117']
12.May.26,['114']
13.May.26,['115']
14.May.26,['110']
15.May.26,['111']
18.May.26,['115']
19.May.26,['111']
20.May.26,['118']
21.May.26,['118']
22.May.26,['116']
25.May.26,['116']
26.May.26,['116']
27.May.26,['115']
28.May.26,['112']
29.May.26,['113']
01.Jun.26,['113']
02.Jun.26,['111']
03.Jun.26,['109']
04.Jun.26,['107']
05.Jun.26,['110']
08.Jun.26,['109']
09.Jun.26,['109']
10.Jun.26,['109']
11.Jun.26,['111']
12.Jun.26,['107']
15.Jun.26,['104']
16.Jun.26,['106']
17.Jun.26,['104']
18.Jun.26,['110']
19.Jun.26,['110']
22.Jun.26,['108']
23.Jun.26,['110']
24.Jun.26,['114']
25.Jun.26,['114']
26.Jun.26,['115']
29.Jun.26,['118']
30.Jun.26,['109']
01.Jul.26,['110']
02.Jul.26,['110']
03.Jul.26,['110']
06.Jul.26,['112']
07.Jul.26,['107']
08.Jul.26,['108']
09.Jul.26,['108']
10.Jul.26,['108']
13.Jul.26,['103']
14.Jul.26,['104']
15.Jul.26,['105']
16.Jul.26,['108']
17.Jul.26,['108']
20.Jul.26,['106']
21.Jul.26,['104']
22.Jul.26,['107']
23.Jul.26,['108']
24.Jul.26,['108']
27.Jul.26,['110']
28.Jul.26,['113']
29.Jul.26,['105']
30.Jul.26,['112']
31.Jul.26,['113']
03.Ago.26,['111']
04.Ago.26,['111']
05.Ago.26,['110']
06.Ago.26,['104']
07.Ago.26,['108']
10.Ago.26,['104']
11.Ago.26,['106']
12.Ago.26,['106']
13.Ago.26,['107']
14.Ago.26,['105']
17.Ago.26,['104']
18.Ago.26,['112']
19.Ago.26,['112']
20.Ago.26,['111']
21.Ago.26,['111']
24.Ago.26,['113']
25.Ago.26,['116']
26.Ago.26,['113']
27.Ago.26,['109']
28.Ago.26,['106']
31.Ago.26,['106']
01.Set.26,['107']
02.Set.26,['109']
03.Set.26,['107']
